"","institution","publisher","publicationYear","count"
"1","Cornell","Cornell University. Population and Development Program",1990,1
"2","Cornell","Cornell University Library",1992,2
"3","Cornell","Cornell University Library",1994,1
"4","Cornell","Cornell University Library",2009,1
"5","Cornell","arXiv: Cornell University Library",2011,2
"6","Cornell","Cornell University Library",2011,1
"7","Cornell","Cornell University Library",2012,1
"8","Cornell","Cornell University Library",2013,1
"9","Cornell","Cornell University Library",2014,2
"10","Cornell","Cornell University Library",2015,2
"11","Cornell","Cornell University Library",2016,471
"12","Cornell","Cornell University Library",2017,842
"13","Cornell","Cornell University Library",2018,728
"14","Cornell","Ithaca, NY : Cornell University Library",2018,2
"15","Cornell","Cornell University Library",2019,852
"16","Cornell","Cornell University Library",2020,827
"17","Cornell","Ithaca, NY : Cornell University Library",2020,2
"18","Cornell","Cornell University Library",2021,760
"19","Cornell","Cornell University Library",2022,272
"20","Duke","Duke University Press",1941,1
"21","Duke","Duke UP",1989,1
"22","Duke","Duke University Press",2000,1
"23","Duke","Duke University Press",2001,2
"24","Duke","Duke University Press",2002,3
"25","Duke","Duke University Press",2004,3
"26","Duke","Duke University Press",2005,1
"27","Duke","Nicholas School of the Environment and Earth Sciences, Duke University",2005,1
"28","Duke","Duke University Press",2006,2
"29","Duke","Duke University Center on Globalization, Governance & Competitiveness",2008,3
"30","Duke","Duke University Press",2008,2
"31","Duke","Duke University Press",2009,3
"32","Duke","Duke University Center on Globalization, Governance & Competitiveness",2009,1
"33","Duke","Duke University Center on Globalization, Governance & Competitiveness",2010,4
"34","Duke","Duke University Press",2010,1
"35","Duke","Duke University Center on Globalization, Governance & Competitiveness",2011,3
"36","Duke","Duke Center on Globalization, Governance & Competitiveness (Duke CGGC) and RTI International",2011,2
"37","Duke","Duke University",2011,1
"38","Duke","Duke University Press",2011,1
"39","Duke","Duke University Center on Globalization, Governance & Competitiveness",2012,3
"40","Duke","Duke University Press",2012,3
"41","Duke","Duke Center on Globalization, Governance & Competitiveness (Duke CGGC)",2012,1
"42","Duke","Duke University",2012,1
"43","Duke","Duke Center on Globalization, Governance & Competitiveness (Duke CGGC)",2013,4
"44","Duke","Duke University Press",2013,2
"45","Duke","Duke Center on Globalization, Governance & Competitiveness",2013,1
"46","Duke","Duke University: Center on Globalization, Governance & Competitiveness",2013,1
"47","Duke","Duke Center on Globalization, Governance & Competitiveness (Duke CGGC)",2014,2
"48","Duke","Duke University Center on Globalization, Governance and Competitiveness. Commissioned by the World Bank.",2014,2
"49","Duke","Duke University Press",2014,2
"50","Duke","Duke University, Center on Globalization, Governance & Competitiveness (Duke CGGC)",2014,2
"51","Duke","Norman C Duke and MangroveWatch Ltd",2014,1
"52","Duke","Duke Center on Globalization, Governance & Competitiveness (Duke CGGC)",2015,1
"53","Duke","Duke University",2015,1
"54","Duke","Duke University Center on Globalization, Governance & Competitiveness",2015,1
"55","Duke","Duke University: Center on Globalization, Governance & Competitiveness",2015,1
"56","Duke","Duke CGGC (Duke University, Center on Globalization, Governance & Competitiveness)",2016,3
"57","Duke","Centre for Ageing Research and Education, Duke-NUS Medical School",2016,1
"58","Duke","Department of ECE, Duke University",2016,1
"59","Duke","Duke Center on Globalization, Governance and Competitiveness",2016,1
"60","Duke","Duke University Press",2016,1
"61","Duke","Duke University School of Law",2016,1
"62","Duke","Duke University",2017,3
"63","Duke","Centre for Ageing Research and Education, Duke-NUS Medical School",2017,2
"64","Duke","International Growth Center/Duke University CGGC",2017,2
"65","Duke","Duke University Press",2017,1
"66","Duke","Duke University Press",2018,4
"67","Duke","Centre for Ageing Research and Education, Duke-NUS Medical School",2018,2
"68","Duke","Duke University Press",2019,8
"69","Duke","Duke University",2019,4
"70","Duke","Duke University Herbarium",2019,1
"71","Duke","Duke University Press",2020,5
"72","Duke","Centre for Ageing Research and Education, Duke-NUS Medical School",2020,1
"73","Duke","Duke University",2020,1
"74","Duke","Duke University Press",2021,3
"75","Duke","Centre for Ageing Research and Education, Duke-NUS Medical School",2021,2
"76","Duke","Duke University",2021,1
"77","Duke","North Carolina Institute of Medicine and The Duke Endowment",2021,1
"78","Duke","Duke University Herbarium",2022,4
"79","Duke","Duke University Press",2022,3
"80","Michigan","The University of British Columbia",1,12
"81","Michigan","Columbia University",1819,1
"82","Michigan","Columbia University",1874,1
"83","Michigan","Michigan State University",1892,1
"84","Michigan","Michigan State University",1895,1
"85","Michigan","Michigan State University",1898,3
"86","Michigan","Michigan State University",1899,1
"87","Michigan","Michigan State University",1900,1
"88","Michigan","Michigan State University",1901,1
"89","Michigan","Michigan State University",1902,1
"90","Michigan","Michigan State University",1905,1
"91","Michigan","Michigan State University",1906,1
"92","Michigan","Michigan State University",1907,2
"93","Michigan","Michigan State University",1908,2
"94","Michigan","Michigan State University",1911,3
"95","Michigan","Columbia University",1911,1
"96","Michigan","Michigan State University",1912,2
"97","Michigan","Michigan State University",1913,4
"98","Michigan","Michigan State University",1914,1
"99","Michigan","Michigan State University",1915,3
"100","Michigan","University of Texas at Austin",1915,3
"101","Michigan","Michigan State University",1916,3
"102","Michigan","Michigan State University",1917,4
"103","Michigan","Michigan State University",1918,1
"104","Michigan","The University of British Columbia",1919,4
"105","Michigan","Michigan State University",1920,3
"106","Michigan","The University of British Columbia",1921,7
"107","Michigan","Michigan State University",1921,2
"108","Michigan","Michigan State University",1922,5
"109","Michigan","Michigan State University",1924,5
"110","Michigan","Michigan State University",1925,3
"111","Michigan","Michigan State University",1926,4
"112","Michigan","The University of British Columbia",1926,2
"113","Michigan","Michigan State University",1927,3
"114","Michigan","Michigan State University",1928,11
"115","Michigan","Michigan State University",1929,3
"116","Michigan","Michigan State University",1930,12
"117","Michigan","Utah State University",1930,1
"118","Michigan","Michigan State University",1931,7
"119","Michigan","Michigan State University",1932,10
"120","Michigan","Michigan State University",1933,9
"121","Michigan","Michigan State University",1934,5
"122","Michigan","Michigan State University",1935,6
"123","Michigan","Michigan State University",1936,8
"124","Michigan","Michigan State University",1937,6
"125","Michigan","Michigan State University",1938,10
"126","Michigan","Michigan State University",1939,8
"127","Michigan","The University of British Columbia",1939,1
"128","Michigan","Utah State University",1939,1
"129","Michigan","Michigan State University",1940,14
"130","Michigan","Michigan State University",1941,12
"131","Michigan","The University of British Columbia",1941,1
"132","Michigan","Michigan State University",1942,16
"133","Michigan","Michigan State University",1943,4
"134","Michigan","Michigan State University",1944,2
"135","Michigan","Michigan State University",1945,7
"136","Michigan","Michigan State University",1946,7
"137","Michigan","Michigan State University",1947,22
"138","Michigan","Utah State University",1947,1
"139","Michigan","Michigan State University",1948,29
"140","Michigan","Michigan State University",1949,22
"141","Michigan","Kentucky Transportation Center, University of Kentucky",1949,1
"142","Michigan","Michigan State University",1950,26
"143","Michigan","Michigan State University",1951,32
"144","Michigan","The University of Texas at Austin",1951,1
"145","Michigan","Michigan State University",1952,45
"146","Michigan","Michigan State University",1953,20
"147","Michigan","Michigan State University",1954,26
"148","Michigan","Michigan State University",1955,36
"149","Michigan","Michigan State University",1956,27
"150","Michigan","Michigan State University",1957,42
"151","Michigan","Michigan State University",1958,39
"152","Michigan","The University of British Columbia",1958,1
"153","Michigan","Michigan State University",1959,45
"154","Michigan","Kentucky Transportation Center, University of Kentucky",1959,1
"155","Michigan","Michigan State University",1960,51
"156","Michigan","Inter-university Consortium for Political and Social Research",1960,1
"157","Michigan","Michigan State University",1961,35
"158","Michigan","University of British Columbia",1961,1
"159","Michigan","Utah State University",1961,1
"160","Michigan","Michigan State University",1962,46
"161","Michigan","University of British Columbia",1962,1
"162","Michigan","Michigan State University",1963,39
"163","Michigan","Michigan State University",1964,34
"164","Michigan","Michigan State University",1965,30
"165","Michigan","Michigan State University",1966,53
"166","Michigan","Michigan State University",1967,53
"167","Michigan","University of British Columbia",1967,1
"168","Michigan","Michigan State University",1968,57
"169","Michigan","University of British Columbia",1968,2
"170","Michigan","Michigan State University",1969,59
"171","Michigan","Michigan State University",1970,68
"172","Michigan","Michigan State University",1971,65
"173","Michigan","University of Michigan",1971,1
"174","Michigan","Michigan State University",1972,69
"175","Michigan","University of British Columbia",1972,1
"176","Michigan","Michigan State University",1973,61
"177","Michigan","University of Michigan. Institute for Social Research",1973,11
"178","Michigan","Inter-university Consortium for Political and Social Research",1973,1
"179","Michigan","University of Michigan",1973,1
"180","Michigan","Michigan State University",1974,71
"181","Michigan","University of Michigan. Institute for Social Research",1974,1
"182","Michigan","Michigan State University",1975,63
"183","Michigan","The University of British Columbia",1975,1
"184","Michigan","Michigan State University",1976,50
"185","Michigan","The University of British Columbia",1976,2
"186","Michigan","Michigan State University",1977,57
"187","Michigan","Inter-university Consortium for Political and Social Research",1977,9
"188","Michigan","Utah State University",1977,1
"189","Michigan","Michigan State University",1978,55
"190","Michigan","Michigan State University",1979,50
"191","Michigan","University of Canterbury",1979,1
"192","Michigan","Michigan State University",1980,53
"193","Michigan","Western Michigan University",1980,1
"194","Michigan","Michigan State University",1981,39
"195","Michigan","Western Michigan University",1981,1
"196","Michigan","Michigan State University",1982,40
"197","Michigan","The University of British Columbia",1982,2
"198","Michigan","Carnegie Mellon University",1982,1
"199","Michigan","Michigan State University",1983,39
"200","Michigan","Department of Anthropology, Western Michigan University",1983,1
"201","Michigan","University of Virginia",1983,1
"202","Michigan","Michigan State University",1984,34
"203","Michigan","Inter-University Consortium for Political and Social Research",1984,22
"204","Michigan","Old Dominion University Libraries",1984,1
"205","Michigan","University of British Columbia",1984,1
"206","Michigan","Michigan State University",1985,43
"207","Michigan","The University of British Columbia",1985,1
"208","Michigan","The University of North Carolina at Chapel Hill University Libraries",1985,1
"209","Michigan","University of British Columbia",1985,1
"210","Michigan","Michigan State University",1986,34
"211","Michigan","The University of North Carolina at Chapel Hill University Libraries",1986,1
"212","Michigan","Michigan State University",1987,27
"213","Michigan","Carnegie Mellon University",1987,2
"214","Michigan","University of Michigan",1987,1
"215","Michigan","Michigan State University",1988,28
"216","Michigan","Columbia University",1988,1
"217","Michigan","Department of Agricultural Economics, Michigan State University, East Lansing, MI",1988,1
"218","Michigan","Michigan State University",1989,31
"219","Michigan","The University of North Carolina at Chapel Hill University Libraries",1989,1
"220","Michigan","Utah State University",1989,1
"221","Michigan","Michigan State University",1990,28
"222","Michigan","Institute for Social Research & School of Natural Resources,  University of Michigan",1990,1
"223","Michigan","Old Dominion University Libraries",1990,1
"224","Michigan","Michigan State University",1991,31
"225","Michigan","University of British Columbia",1991,1
"226","Michigan","University of Canterbury",1991,1
"227","Michigan","Michigan State University",1992,33
"228","Michigan","Inter-University Consortium for Political and Social Research",1992,1
"229","Michigan","Michigan State University",1993,17
"230","Michigan","Carnegie Mellon University",1993,2
"231","Michigan","University of Michigan",1993,2
"232","Michigan","IUPUI University Library",1993,1
"233","Michigan","The University of British Columbia",1993,1
"234","Michigan","University of Canterbury",1993,1
"235","Michigan","University of Wisconsin-Madison. Data and Information Services Center",1993,1
"236","Michigan","Michigan State University",1994,22
"237","Michigan","The University of Michigan - Department of Civil Engineering",1994,1
"238","Michigan","The University of North Carolina at Chapel Hill University Libraries",1994,1
"239","Michigan","Michigan State University",1995,21
"240","Michigan","Michigan State University",1996,24
"241","Michigan","Committee on Social Theory, University of Kentucky",1996,1
"242","Michigan","University of Virginia",1996,1
"243","Michigan","Michigan State University",1997,38
"244","Michigan","Northwestern University Libraries",1997,1
"245","Michigan","Utah State University",1997,1
"246","Michigan","Western Michigan University",1997,1
"247","Michigan","Michigan State University",1998,24
"248","Michigan","Carnegie Mellon University",1998,2
"249","Michigan","Ann Arbor, MI: University of Michigan Press",1998,1
"250","Michigan","The University of British Columbia",1998,1
"251","Michigan","University of Alberta Libraries",1998,1
"252","Michigan","University of Michigan",1998,1
"253","Michigan","Michigan State University",1999,25
"254","Michigan","Ann Arbor, MI: Millennium Project, University of Michigan",1999,1
"255","Michigan","University of Canterbury",1999,1
"256","Michigan","University of Michigan. Survey Research Center",1999,1
"257","Michigan","Western Michigan University",1999,1
"258","Michigan","Michigan State University",2000,22
"259","Michigan","Ann Arbor, MI: University of Michigan Press",2000,2
"260","Michigan","The University of North Carolina at Chapel Hill University Libraries",2000,2
"261","Michigan","Ann Arbor, University of Michigan Press",2000,1
"262","Michigan","Digital Repository at the University of Maryland",2000,1
"263","Michigan","Michigan State University",2001,21
"264","Michigan","Digital Repository at the University of Maryland",2001,1
"265","Michigan","Université d'Ottawa / University of Ottawa",2001,1
"266","Michigan","University of Nevada, Las Vegas",2001,1
"267","Michigan","Western Michigan University",2001,1
"268","Michigan","Michigan State University",2002,27
"269","Michigan","University of Michigan. Survey Research Center",2002,1
"270","Michigan","University of Virginia",2002,1
"271","Michigan","Utah State University",2002,1
"272","Michigan","Michigan State University",2003,33
"273","Michigan","Ann Arbor, MI: Millennium Project, University of Michigan",2003,2
"274","Michigan","Aston University",2003,1
"275","Michigan","The University of British Columbia",2003,1
"276","Michigan","University of Canterbury",2003,1
"277","Michigan","University of Nevada, Las Vegas",2003,1
"278","Michigan","Michigan State University",2004,24
"279","Michigan","OPS-Alaska, Synthesis International USA, University of Texas Medical Branch (Galveston), Western Michigan University, Organizational Behavior Management Network, San Francisco State University, NASA Ames Research Center",2004,1
"280","Michigan","The University of North Carolina at Chapel Hill University Libraries",2004,1
"281","Michigan","The University of Texas at Austin",2004,1
"282","Michigan","University of Calgary",2004,1
"283","Michigan","University of Virginia",2004,1
"284","Michigan","Michigan State University",2005,12
"285","Michigan","Apollo - University of Cambridge Repository",2005,1
"286","Michigan","International Committee for University Museums and Collections (UMAC)",2005,1
"287","Michigan","University of Michigan Press",2005,1
"288","Michigan","Michigan State University",2006,24
"289","Michigan","Inter-University Consortium for Political and Social Research",2006,4
"290","Michigan","Columbia University",2006,2
"291","Michigan","The University of North Carolina at Chapel Hill University Libraries",2006,2
"292","Michigan","NSF Engineering Research Center for Reconfigurable Manufacturing, University of Michigan",2006,1
"293","Michigan","Regents of the University of Michigan",2006,1
"294","Michigan","Michigan State University",2007,20
"295","Michigan","The University of North Carolina at Chapel Hill University Libraries",2007,3
"296","Michigan","Digital Repository at the University of Maryland",2007,2
"297","Michigan","Michigan State University Extension, Michigan Natural Features Inventory",2007,2
"298","Michigan","University of Michigan",2007,2
"299","Michigan","Columbia University",2007,1
"300","Michigan","Laboratory for Turbulence & Combustion (LTC), The University of Michigan",2007,1
"301","Michigan","Western Michigan University",2007,1
"302","Michigan","Michigan State University",2008,19
"303","Michigan","Ann Arbor, MI: Millennium Project, University of Michigan",2008,2
"304","Michigan","Digital Repository at the University of Maryland",2008,2
"305","Michigan","Columbia University",2008,1
"306","Michigan","IUPUI University Library",2008,1
"307","Michigan","Michigan State University Extension, Michigan Natural Features Inventory",2008,1
"308","Michigan","The University of North Carolina at Chapel Hill University Libraries",2008,1
"309","Michigan","Université d'Ottawa / University of Ottawa",2008,1
"310","Michigan","University of British Columbia",2008,1
"311","Michigan","University of Michigan",2008,1
"312","Michigan","Michigan State University",2009,22
"313","Michigan","Inter-University Consortium for Political and Social Research",2009,18
"314","Michigan","The University of North Carolina at Chapel Hill University Libraries",2009,4
"315","Michigan","Digital Repository at the University of Maryland",2009,2
"316","Michigan","Michigan State University Extension, Michigan Natural Features Inventory",2009,2
"317","Michigan","Georgia State University",2009,1
"318","Michigan","University of Michigan, Paradise Lake Association",2009,1
"319","Michigan","Michigan State University",2010,16
"320","Michigan","Columbia University",2010,2
"321","Michigan","Digital Repository at the University of Maryland",2010,2
"322","Michigan","The University of British Columbia",2010,2
"323","Michigan","Eastern Michigan University",2010,1
"324","Michigan","Georgia State University",2010,1
"325","Michigan","Old Dominion University Libraries",2010,1
"326","Michigan","The University of North Carolina at Chapel Hill University Libraries",2010,1
"327","Michigan","University of Michigan Biological Station",2010,1
"328","Michigan","Michigan State University",2011,12
"329","Michigan","Inter-University Consortium for Political and Social Research",2011,9
"330","Michigan","Digital Repository at the University of Maryland",2011,7
"331","Michigan","Columbia University",2011,5
"332","Michigan","Carnegie Mellon University",2011,4
"333","Michigan","The University of North Carolina at Chapel Hill University Libraries",2011,4
"334","Michigan","Department of Anthropology, Western Michigan University",2011,1
"335","Michigan","Temple University. Libraries",2011,1
"336","Michigan","University of Massachusetts Amherst",2011,1
"337","Michigan","University of Michigan Press",2011,1
"338","Michigan","University of Southern California Digital Library (USC.DL)",2011,1
"339","Michigan","University of Southern California Digital Library (USC.DL)",2012,144
"340","Michigan","Inter-University Consortium for Political and Social Research",2012,20
"341","Michigan","Michigan State University",2012,14
"342","Michigan","My University",2012,8
"343","Michigan","Columbia University",2012,3
"344","Michigan","The University of North Carolina at Chapel Hill University Libraries",2012,3
"345","Michigan","University of Utah",2012,2
"346","Michigan","Georgia State University",2012,1
"347","Michigan","International Committee for University Museums and Collections (UMAC)",2012,1
"348","Michigan","Meteorite Group, Dept. of Philosophy, University of Michigan",2012,1
"349","Michigan","Michigan Natural Features Inventory, Michigan State University Extension",2012,1
"350","Michigan","Université d'Ottawa / University of Ottawa",2012,1
"351","Michigan","University of British Columbia",2012,1
"352","Michigan","University of Michigan Control Group",2012,1
"353","Michigan","University of Strathclyde",2012,1
"354","Michigan","Utah State University",2012,1
"355","Michigan","University of Southern California Digital Library (USC.DL)",2013,18
"356","Michigan","Michigan State University",2013,14
"357","Michigan","Inter-University Consortium for Political and Social Research",2013,7
"358","Michigan","Columbia University",2013,5
"359","Michigan","Michigan State University, College of Human Medicine",2013,2
"360","Michigan","My University",2013,2
"361","Michigan","University of Chicago Press",2013,2
"362","Michigan","University of North Carolina at Chapel Hill",2013,2
"363","Michigan","Aristotle University of Thessaloniki",2013,1
"364","Michigan","Digital Repository at the University of Maryland",2013,1
"365","Michigan","IUPUI University Library",2013,1
"366","Michigan","The Australian National University",2013,1
"367","Michigan","The University of North Carolina at Chapel Hill University Libraries",2013,1
"368","Michigan","Université d'Ottawa / University of Ottawa",2013,1
"369","Michigan","University of British Columbia",2013,1
"370","Michigan","University of Liverpool Repository",2013,1
"371","Michigan","University of Michigan Press",2013,1
"372","Michigan","University of Nevada, Las Vegas",2013,1
"373","Michigan","University of Utah",2013,1
"374","Michigan","University of Virginia",2013,1
"375","Michigan","University of Southern California Digital Library (USC.DL)",2014,41
"376","Michigan","Michigan State University",2014,20
"377","Michigan","Inter-University Consortium for Political and Social Research",2014,15
"378","Michigan","The University of North Carolina at Chapel Hill University Libraries",2014,3
"379","Michigan","IUPUI University Library",2014,2
"380","Michigan","Michigan State University Extension, Michigan Natural Features Inventory",2014,2
"381","Michigan","Amsterdam University Press",2014,1
"382","Michigan","Ann Arbor, MI: Millennium Project, University of Michigan",2014,1
"383","Michigan","Columbia University",2014,1
"384","Michigan","Data Repository for the University of Minnesota (DRUM)",2014,1
"385","Michigan","Edinburgh University Library",2014,1
"386","Michigan","Kentucky Transportation Center, University of Kentucky",2014,1
"387","Michigan","Michigan State University Herbarium",2014,1
"388","Michigan","Museum of Anthropology, University of Michigan",2014,1
"389","Michigan","National Technological University of Athens",2014,1
"390","Michigan","The University of British Columbia",2014,1
"391","Michigan","University of British Columbia",2014,1
"392","Michigan","University of Massachusetts Amherst",2014,1
"393","Michigan","University of Michigan Press",2014,1
"394","Michigan","University of Michigan Transportation Research Institute",2014,1
"395","Michigan","University of Nevada, Las Vegas",2014,1
"396","Michigan","University of Virginia",2014,1
"397","Michigan","University of Southern California Digital Library (USC.DL)",2015,17
"398","Michigan","Michigan State University",2015,15
"399","Michigan","Columbia University",2015,3
"400","Michigan","University of Michigan",2015,3
"401","Michigan","Digital Repository at the University of Maryland",2015,2
"402","Michigan","The University of British Columbia",2015,2
"403","Michigan","The University of North Carolina at Chapel Hill University Libraries",2015,2
"404","Michigan","University of Michigan Transportation Research Institute",2015,2
"405","Michigan","Apollo - University of Cambridge Repository",2015,1
"406","Michigan","Aristotle University of Thessaloniki",2015,1
"407","Michigan","California Language Archive, University of California, Berkeley",2015,1
"408","Michigan","Central Michigan University College of Medicine",2015,1
"409","Michigan","Data Repository for the University of Minnesota (DRUM)",2015,1
"410","Michigan","Michigan State University and the University of Dar es Salaam",2015,1
"411","Michigan","Minneapolis, MN: University of Minnesota",2015,1
"412","Michigan","Thammasat University",2015,1
"413","Michigan","The University of Michigan Press",2015,1
"414","Michigan","Université d'Ottawa / University of Ottawa",2015,1
"415","Michigan","University of Oxford",2015,1
"416","Michigan","University of Virginia",2015,1
"417","Michigan","University of Southern California Digital Library (USC.DL)",2016,64
"418","Michigan","University of Michigan",2016,26
"419","Michigan","Michigan State University",2016,12
"420","Michigan","The University of North Carolina at Chapel Hill University Libraries",2016,9
"421","Michigan","My University",2016,4
"422","Michigan","AmeriFlux; University of Toledo / Michigan State University",2016,3
"423","Michigan","FluxNet; University of Toledo / Michigan State University",2016,3
"424","Michigan","Inter-University Consortium for Political and Social Research",2016,3
"425","Michigan","Columbia University",2016,2
"426","Michigan","Digital Repository at the University of Maryland",2016,2
"427","Michigan","Purdue University Research Repository",2016,2
"428","Michigan","University of Kentucky",2016,2
"429","Michigan","AmeriFlux; Michigan State University",2016,1
"430","Michigan","AmeriFlux; Ohio State University; Virginia Commonwealth University",2016,1
"431","Michigan","Ann Arbor, University of Michigan Press",2016,1
"432","Michigan","Apollo - University of Cambridge Repository",2016,1
"433","Michigan","Center for Labor and Community Studies, University of Michigan-Dearborn",2016,1
"434","Michigan","Industrial Heritage and Archaeology, Department of Social Sciences, Michigan Technological University",2016,1
"435","Michigan","Michigan State University - Product Center",2016,1
"436","Michigan","Michigan State University and Sokoine University of Agriculture",2016,1
"437","Michigan","Michigan State University and the University of Dar es Salaam",2016,1
"438","Michigan","Michigan State University, Department  of Geography, Environment and Spatial Sciences",2016,1
"439","Michigan","Minneapolis, MN: University of Minnesota",2016,1
"440","Michigan","Rutgers University",2016,1
"441","Michigan","The University of British Columbia",2016,1
"442","Michigan","University of British Columbia",2016,1
"443","Michigan","University of Michigan Institute for Healthcare Policy & Innovation",2016,1
"444","Michigan","University of Michigan Press",2016,1
"445","Michigan","University of Michigan School of Public Health Behavioral Health Workforce Research Center",2016,1
"446","Michigan","University of Virginia",2016,1
"447","Michigan","University of Western Michigan",2016,1
"448","Michigan","University of Southern California Digital Library (USC.DL)",2017,120
"449","Michigan","University of Michigan",2017,40
"450","Michigan","Michigan State University",2017,11
"451","Michigan","Apollo - University of Cambridge Repository",2017,8
"452","Michigan","Inter-University Consortium for Political and Social Research",2017,7
"453","Michigan","The University of North Carolina at Chapel Hill University Libraries",2017,6
"454","Michigan","Columbia University",2017,3
"455","Michigan","Cornell University",2017,3
"456","Michigan","Michigan State University Department of History",2017,2
"457","Michigan","Michigan State University Museum",2017,2
"458","Michigan","Minneapolis, MN: University of Minnesota",2017,2
"459","Michigan","My University",2017,2
"460","Michigan","RWTH Aachen University",2017,2
"461","Michigan","University of Virginia",2017,2
"462","Michigan","University of Wyoming",2017,2
"463","Michigan","Brandeis University",2017,1
"464","Michigan","Firenze University Press",2017,1
"465","Michigan","Georgia State University",2017,1
"466","Michigan","Monash University",2017,1
"467","Michigan","Rackham Graduate School, University of Michigan",2017,1
"468","Michigan","Regents of the University of Michigan",2017,1
"469","Michigan","The Australian National University",2017,1
"470","Michigan","The University of Texas at Austin",2017,1
"471","Michigan","University of British Columbia",2017,1
"472","Michigan","University of Kentucky",2017,1
"473","Michigan","University of Michigan * Center for Human Growth and Development",2017,1
"474","Michigan","University of Southern California Digital Library (USC.DL)",2018,93
"475","Michigan","University of Michigan",2018,64
"476","Michigan","Inter-University Consortium for Political and Social Research",2018,29
"477","Michigan","Michigan State University",2018,8
"478","Michigan","Apollo - University of Cambridge Repository",2018,6
"479","Michigan","The University of North Carolina at Chapel Hill University Libraries",2018,4
"480","Michigan","Columbia University",2018,3
"481","Michigan","My University",2018,2
"482","Michigan","Purdue University Graduate School",2018,2
"483","Michigan","Université d'Ottawa / University of Ottawa",2018,2
"484","Michigan","University of Illinois at Urbana-Champaign",2018,2
"485","Michigan","Data Repository for the University of Minnesota (DRUM)",2018,1
"486","Michigan","Georgia State University",2018,1
"487","Michigan","Michigan State University Libraries",2018,1
"488","Michigan","Museum of Anthropology, University of Michigan",2018,1
"489","Michigan","Museum of Cultural and Natural History - Central Michigan University",2018,1
"490","Michigan","National University of Singapore",2018,1
"491","Michigan","RWTH Aachen University",2018,1
"492","Michigan","T. L. Hankinson Vertebrate Museum, Eastern Michigan University",2018,1
"493","Michigan","University of Kentucky Libraries",2018,1
"494","Michigan","University of Massachusetts Amherst",2018,1
"495","Michigan","University of Massachusetts Medical School Show",2018,1
"496","Michigan","University of Michigan Digital Library",2018,1
"497","Michigan","University of Michigan-Dearborn",2018,1
"498","Michigan","University of Nevada, Las Vegas",2018,1
"499","Michigan","University of Salento",2018,1
"500","Michigan","University of Utah",2018,1
"501","Michigan","University of Virginia",2018,1
"502","Michigan","University of Michigan",2019,80
"503","Michigan","Columbia University",2019,35
"504","Michigan","Inter-University Consortium for Political and Social Research",2019,15
"505","Michigan","Michigan State University",2019,15
"506","Michigan","Purdue University Graduate School",2019,14
"507","Michigan","My University",2019,9
"508","Michigan","Utah State University",2019,4
"509","Michigan","Apollo - University of Cambridge Repository",2019,3
"510","Michigan","Digital Repository at the University of Maryland",2019,3
"511","Michigan","Museum of Cultural and Natural History - Central Michigan University",2019,3
"512","Michigan","The University of North Carolina at Chapel Hill University Libraries",2019,3
"513","Michigan","Carnegie Mellon University",2019,2
"514","Michigan","Data Repository for the University of Minnesota (DRUM)",2019,2
"515","Michigan","University of Illinois at Chicago",2019,2
"516","Michigan","University of Southern California Digital Library (USC.DL)",2019,2
"517","Michigan","California Language Archive, University of California, Berkeley",2019,1
"518","Michigan","Central Michigan University Herbarium",2019,1
"519","Michigan","Georgia State University",2019,1
"520","Michigan","IUPUI University Library",2019,1
"521","Michigan","LYRASIS; University of Michigan",2019,1
"522","Michigan","Michigan Sea Grant Program University of Michigan Wayne State University Great Lakes Environmental Research Laboratory",2019,1
"523","Michigan","Michigan Sea Grant Program University of Michigan Western Washington University Eastern Michigan University Great Lakes Environmental Research Laboratory United States. National Ocean Service National Centers for Coastal Ocean Science (U.S.)",2019,1
"524","Michigan","Regents of the University of Michigan",2019,1
"525","Michigan","RWTH Aachen University",2019,1
"526","Michigan","Temple University. Libraries",2019,1
"527","Michigan","The University of Chicago",2019,1
"528","Michigan","The University of Texas at Austin",2019,1
"529","Michigan","Université d'Ottawa / University of Ottawa",2019,1
"530","Michigan","University of British Columbia",2019,1
"531","Michigan","University of Chicago",2019,1
"532","Michigan","University of Salento",2019,1
"533","Michigan","University of Virginia",2019,1
"534","Michigan","University of Michigan",2020,202
"535","Michigan","My University",2020,30
"536","Michigan","Columbia University",2020,24
"537","Michigan","Inter-University Consortium for Political and Social Research",2020,13
"538","Michigan","Michigan State University",2020,13
"539","Michigan","Purdue University Graduate School",2020,12
"540","Michigan","University of Illinois at Chicago",2020,7
"541","Michigan","University of Melbourne",2020,5
"542","Michigan","Apollo - University of Cambridge Repository",2020,3
"543","Michigan","Trinity College Dublin, the University of Dublin",2020,3
"544","Michigan","University of Virginia",2020,3
"545","Michigan","Drexel University",2020,2
"546","Michigan","FluxNet; University of Toledo / Michigan State University",2020,2
"547","Michigan","Iowa State University",2020,2
"548","Michigan","Temple University. Libraries",2020,2
"549","Michigan","The University of Texas at Austin",2020,2
"550","Michigan","University of Kentucky Libraries",2020,2
"551","Michigan","Aristotle University of Thessaloniki",2020,1
"552","Michigan","Data Repository for the University of Minnesota (DRUM)",2020,1
"553","Michigan","James H. and Mary B. Quello Center, Michigan State University",2020,1
"554","Michigan","LYRASIS; University of Michigan",2020,1
"555","Michigan","Michigan State University Herbarium",2020,1
"556","Michigan","The University of North Carolina at Chapel Hill University Libraries",2020,1
"557","Michigan","Université d'Ottawa / University of Ottawa",2020,1
"558","Michigan","University Libraries, Virginia Tech",2020,1
"559","Michigan","University of Canterbury",2020,1
"560","Michigan","University of Iowa",2020,1
"561","Michigan","University of Michigan Deep Blue",2020,1
"562","Michigan","University of Michigan Museum of Paleontology",2020,1
"563","Michigan","My University",2021,941
"564","Michigan","University of Michigan",2021,119
"565","Michigan","Columbia University",2021,20
"566","Michigan","Purdue University Graduate School",2021,10
"567","Michigan","University of Illinois at Chicago",2021,9
"568","Michigan","Michigan State University",2021,8
"569","Michigan","Apollo - University of Cambridge Repository",2021,7
"570","Michigan","University of Wyoming",2021,6
"571","Michigan","University of Virginia",2021,5
"572","Michigan","Data Repository for the University of Minnesota (DRUM)",2021,3
"573","Michigan","University of Michigan, Ann Arbor, Transportation Research Institute",2021,3
"574","Michigan","AmeriFlux; Michigan State University",2021,2
"575","Michigan","Digital Repository at the University of Maryland",2021,2
"576","Michigan","Aristotle University of Thessaloniki",2021,1
"577","Michigan","Brandeis University",2021,1
"578","Michigan","Cambridge University Press",2021,1
"579","Michigan","Duke University Press",2021,1
"580","Michigan","NASA Space Physics Data Facility; University of Michigan",2021,1
"581","Michigan","North Carolina State University",2021,1
"582","Michigan","Oxford University Press (OUP)",2021,1
"583","Michigan","Purdue University Research Repository",2021,1
"584","Michigan","RWTH Aachen University",2021,1
"585","Michigan","The University of British Columbia",2021,1
"586","Michigan","The University of Michigan Museum of Zoology",2021,1
"587","Michigan","Trinity College Dublin, the University of Dublin",2021,1
"588","Michigan","University of Alberta Library",2021,1
"589","Michigan","University of British Columbia",2021,1
"590","Michigan","University of Massachusetts Amherst",2021,1
"591","Michigan","University of Michigan - Deep Blue",2021,1
"592","Michigan","University of Michigan, Ann Arbor; Department of Anthropology",2021,1
"593","Michigan","University of Wisconsin-Madison",2021,1
"594","Michigan","My University",2022,176
"595","Michigan","University of Michigan - Deep Blue Data",2022,95
"596","Michigan","Museum of Paleontology, The University of Michigan",2022,14
"597","Michigan","University of Oxford",2022,14
"598","Michigan","Apollo - University of Cambridge Repository",2022,8
"599","Michigan","Purdue University Graduate School",2022,6
"600","Michigan","University of Michigan Museum of Zoology",2022,6
"601","Michigan","Michigan State University",2022,5
"602","Michigan","University of Michigan",2022,5
"603","Michigan","University of Virginia",2022,5
"604","Michigan","Macquarie University",2022,4
"605","Michigan","Michigan State University Herbarium",2022,2
"606","Michigan","Monash University",2022,2
"607","Michigan","Northern Michigan University",2022,2
"608","Michigan","University of Illinois at Chicago",2022,2
"609","Michigan","Columbia University",2022,1
"610","Michigan","Georgia State University",2022,1
"611","Michigan","IUPUI University Library",2022,1
"612","Michigan","Old Dominion University Libraries",2022,1
"613","Michigan","Open Access Te Herenga Waka-Victoria University of Wellington",2022,1
"614","Michigan","The University of North Carolina at Chapel Hill University Libraries",2022,1
"615","Michigan","Université d'Ottawa / University of Ottawa",2022,1
"616","Michigan","University of British Columbia",2022,1
"617","Michigan","University of Kentucky",2022,1
"618","Michigan","University of Michigan Herbarium",2022,1
"619","Michigan","University of Michigan, Ann Arbor, Transportation Research Institute",2022,1
"620","Michigan","University of Michigan. Homoeopathic Medical College",2022,1
"621","Michigan","University of Michigan. University Hospital",2022,1
"622","Michigan","University of Minnesota Press",2022,1
"623","Minnesota","Data Repository for the University of Minnesota (DRUM)",2010,1
"624","Minnesota","Data Repository for the University of Minnesota (DRUM)",2014,13
"625","Minnesota","re3data.org - Registry of Research Data Repositories",2014,1
"626","Minnesota","Data Repository for the University of Minnesota (DRUM)",2015,27
"627","Minnesota","Data Repository for the University of Minnesota (DRUM)",2016,55
"628","Minnesota","Data Repository for the University of Minnesota (DRUM",2016,1
"629","Minnesota","Data Repository for the University of Minnesota (DRUM)",2017,57
"630","Minnesota","Data Repository for the University of Minnesota",2017,2
"631","Minnesota","Data Repository for the University of Minnesota (DRUM)",2018,85
"632","Minnesota","Data Repository for the University of Minnesota",2018,2
"633","Minnesota","Data Repository for the University of Minnesota (DRUM)",2019,76
"634","Minnesota","The Data Repository for the University of Minnesota (DRUM)",2019,3
"635","Minnesota","Data Repository for the University of Minnesota",2019,2
"636","Minnesota"," Data Repository for the University of Minnesota (DRUM)",2019,1
"637","Minnesota","The Data Repository for the University of Minnesota",2019,1
"638","Minnesota","Data Repository for the University of Minnesota (DRUM)",2020,135
"639","Minnesota","Data Repository for the University of Minnesota",2020,7
"640","Minnesota","Data Repository for the University of Minnesota (DRUM)",2021,121
"641","Minnesota","Data Repository for the University of Minnesota",2021,14
"642","Minnesota","The Data Repository for the University of Minnesota (DRUM)",2021,1
"643","Minnesota","U.S. Geological Survey - National Geological and Geophysical Data Preservation Program (NGGDPP)",2021,1
"644","Minnesota","Data Repository for the University of Minnesota (DRUM)",2022,86
"645","Minnesota","Data Repository for the University of Minnesota",2022,4
"646","Minnesota"," Data Repository for the University of Minnesota (DRUM)",2022,2
"647","Virginia Tech","Department of Agricultural and Applied Economics, Virginia Tech",1986,1
"648","Virginia Tech","Department of Agricultural and Applied Economics, Virginia Tech",1988,3
"649","Virginia Tech","Department of Agricultural and Applied Economics, Virginia Tech",1989,2
"650","Virginia Tech","Department of Agricultural and Applied Economics, Virginia Tech",1990,1
"651","Virginia Tech","Department of Agricultural and Applied Economics, Virginia Tech",1991,1
"652","Virginia Tech","Department of Agricultural and Applied Economics, Virginia Tech",1992,1
"653","Virginia Tech","Department of Agricultural and Applied Economics, Virginia Tech",1993,2
"654","Virginia Tech","Department of Agricultural and Applied Economics, Virginia Tech",1994,1
"655","Virginia Tech","Virginia Tech",1994,1
"656","Virginia Tech","Department of Agricultural and Applied Economics, Virginia Tech",1995,1
"657","Virginia Tech","Virginia Tech",2000,1
"658","Virginia Tech","Virginia Tech",2004,2
"659","Virginia Tech","University of Virginia, Department of Computer Science",2004,1
"660","Virginia Tech","Virginia Tech",2007,1
"661","Virginia Tech","USDI, U.S. Geological Survey, Final Research Rpt., Virginia Tech Field Station, Blacksburg, VA. 88p.",2008,1
"662","Virginia Tech","El-Fayoum Univ., Egypt; Virginia Tech; USDA/ARS",2009,1
"663","Virginia Tech","Final Research Rpt. Virginia Tech College of Natural Resources, Forestry/Recreation Resources Management, Blacksburg, VA.",2009,1
"664","Virginia Tech","University of Virginia, Department of Computer Science",2009,1
"665","Virginia Tech","Virginia Tech",2009,1
"666","Virginia Tech","Virginia Tech; USDA/ARS",2009,1
"667","Virginia Tech","University of Virginia, Department of Computer Science",2010,3
"668","Virginia Tech","Final Research Report. Virginia Tech College of Natural Resources & Environment, Blacksburg, VA.",2010,1
"669","Virginia Tech","Final Research Report. U.S. Geological Survey, Distributed by the Virginia Tech College of Natural Resources, Blacksburg, VA.",2011,1
"670","Virginia Tech","Final Research Rpt. U.S. Geological Survey, Distributed by the Virginia Tech College of Natural Resources & Environment, Blacksburg, VA.",2011,1
"671","Virginia Tech","Final Research Rpt. U.S. Geological Survey, Distributed by the Virginia Tech College of Natural Resources & Environment, Blacksburg, VA. 120p.",2011,1
"672","Virginia Tech","Final Research Rpt. U.S. Geological Survey, Distributed by the Virginia Tech College of Natural Resources, Blacksburg, VA.",2011,1
"673","Virginia Tech","University of Virginia, Department of Computer Science",2011,1
"674","Virginia Tech","University of New Orleans, Virginia Tech",2012,1
"675","Virginia Tech","Final Research Report. U.S. Geological Survey, Distributed by the Virginia Tech College of Natural Resources, Blacksburg, VA.",2013,1
"676","Virginia Tech","Virginia Tech",2013,1
"677","Virginia Tech","Virginia Tech Libraries",2013,1
"678","Virginia Tech","Virginia Tech Libraries",2014,4
"679","Virginia Tech","Virginia Tech Transportation Institute",2014,4
"680","Virginia Tech","University of Virginia",2014,1
"681","Virginia Tech","Virginia Tech",2014,1
"682","Virginia Tech","Virginia Tech Transportation Institute",2015,13
"683","Virginia Tech","Virginia Tech Libraries",2015,2
"684","Virginia Tech","University Libraries, Virginia Tech",2016,11
"685","Virginia Tech","Virginia Tech Transportation Institute",2016,9
"686","Virginia Tech","University of Virginia",2016,3
"687","Virginia Tech","HarvestPlus, Rwanda Agricultural Board, CIAT, Virginia Tech",2016,1
"688","Virginia Tech","Southface and the Virginia Center for Housing Research at Virginia Tech",2016,1
"689","Virginia Tech","Virginia Tech",2016,1
"690","Virginia Tech","Virginia Tech University",2016,1
"691","Virginia Tech","University Libraries, Virginia Tech",2017,13
"692","Virginia Tech","Virginia Tech Transportation Institute",2017,3
"693","Virginia Tech","University of Virginia",2017,2
"694","Virginia Tech","Virginia Polytechnic Institute and State University",2017,1
"695","Virginia Tech","Virginia Tech",2017,1
"696","Virginia Tech","Virginia Tech University Libraries",2017,1
"697","Virginia Tech","University Libraries, Virginia Tech",2018,28
"698","Virginia Tech","University of Virginia",2018,1
"699","Virginia Tech","Virginia Tech Libraries",2018,1
"700","Virginia Tech","University Libraries, Virginia Tech",2019,24
"701","Virginia Tech","University of Virginia",2019,1
"702","Virginia Tech","Virginia Tech",2019,1
"703","Virginia Tech","University Libraries, Virginia Tech",2020,30
"704","Virginia Tech","University of Virginia",2020,19
"705","Virginia Tech","University Libraries, Virginia Tech ",2020,1
"706","Virginia Tech","University Libraries, Virginia Tech",2021,101
"707","Virginia Tech","University of Virginia",2021,31
"708","Virginia Tech","Virginia Polytechnic Inst. and State Univ. (Virginia Tech), Blacksburg, VA (United States)",2021,1
"709","Virginia Tech","University Libraries, Virginia Tech",2022,126
"710","Virginia Tech","University of Virginia",2022,36
"711","Virginia Tech","Virginia Tech Massey Herbarium",2022,2
"712","Virginia Tech","Virginia Tech Insect Collection",2022,1
"713","Washington U","Washington University in St. Louis",1917,1
"714","Washington U","Washington University in St. Louis",1935,1
"715","Washington U","Washington University in St. Louis",1942,1
"716","Washington U","Washington University in St. Louis",1944,2
"717","Washington U","Washington University in St. Louis",1946,1
"718","Washington U","Washington University in St. Louis",1949,1
"719","Washington U","Washington University in St. Louis",1950,1
"720","Washington U","Washington University in St. Louis",1951,1
"721","Washington U","Washington University in St. Louis",1952,1
"722","Washington U","Washington University in St. Louis",1953,1
"723","Washington U","Washington University in St. Louis",1958,4
"724","Washington U","Washington University in St. Louis",1959,1
"725","Washington U","Washington University in St. Louis",1960,1
"726","Washington U","Washington University in St. Louis",1962,3
"727","Washington U","Washington University in St. Louis",1963,1
"728","Washington U","Washington University in St. Louis",1964,1
"729","Washington U","Washington University in St. Louis",1965,1
"730","Washington U","Washington University in St. Louis",1966,1
"731","Washington U","Washington University in St. Louis",1967,1
"732","Washington U","Washington University in St. Louis",1969,2
"733","Washington U","Washington University in St. Louis",1970,1
"734","Washington U","Washington University in St. Louis",1972,1
"735","Washington U","Washington University in St. Louis",1973,1
"736","Washington U","Washington University in St. Louis",1975,6
"737","Washington U","Washington University in St. Louis",1976,7
"738","Washington U","Washington University in St. Louis",1977,12
"739","Washington U","Washington University in St. Louis",1978,12
"740","Washington U","Washington University in St. Louis",1979,15
"741","Washington U","Washington University in St. Louis",1980,13
"742","Washington U","Washington University in St. Louis",1981,7
"743","Washington U","Washington University in St. Louis",1982,15
"744","Washington U","Washington University in St. Louis",1983,18
"745","Washington U","Washington University in St. Louis",1984,19
"746","Washington U","Washington University in St. Louis",1985,19
"747","Washington U","Washington University in St. Louis",1986,28
"748","Washington U","Washington University in St. Louis",1987,40
"749","Washington U","Washington University in St. Louis",1988,38
"750","Washington U","Washington University in St. Louis",1989,62
"751","Washington U","Washington University in St. Louis",1990,49
"752","Washington U","Washington University in St. Louis",1991,61
"753","Washington U","Washington University in St. Louis",1992,74
"754","Washington U","Washington University in St. Louis",1993,64
"755","Washington U","Washington University in St. Louis",1994,40
"756","Washington U","Washington University in St. Louis",1995,45
"757","Washington U","Washington University in St. Louis",1996,41
"758","Washington U","Washington University in St. Louis",1997,50
"759","Washington U","Washington University in St. Louis",1998,34
"760","Washington U","Washington University in St. Louis",1999,41
"761","Washington U","Washington University in St. Louis",2000,62
"762","Washington U","Washington University in St. Louis",2001,80
"763","Washington U","Washington University in St. Louis",2002,62
"764","Washington U","Washington University in St. Louis",2003,110
"765","Washington U","Washington University in St. Louis",2004,111
"766","Washington U","Washington University in St. Louis",2005,118
"767","Washington U","Center for Public Health Systems Science, Washington University in St. Louis",2005,1
"768","Washington U","Washington University in St. Louis",2006,147
"769","Washington U","Washington University in St. Louis",2007,145
"770","Washington U","Center for Public Health Systems Science, Washington University in St. Louis",2007,3
"771","Washington U","Washington University in St. Louis",2008,85
"772","Washington U","Center for Public Health Systems Science, Washington University in St. Louis",2008,5
"773","Washington U","Washington University in St. Louis",2009,297
"774","Washington U","Center for Public Health Systems Science, Washington University in St. Louis",2009,5
"775","Washington U","Washington University in St. Louis",2010,351
"776","Washington U","Center for Public Health Systems Science, Washington University in St. Louis",2010,10
"777","Washington U","Washington University in St. Louis",2011,350
"778","Washington U","Center for Public Health Systems Science, Washington University in St. Louis",2011,20
"779","Washington U","Washington University in St. Louis, Center for Social Development",2011,1
"780","Washington U","Washington University in St. Louis",2012,378
"781","Washington U","Center for Public Health Systems Science, Washington University in St. Louis",2012,8
"782","Washington U","Washington University in St. Louis",2013,375
"783","Washington U","Center for Public Health Systems Science, Washington University in St. Louis",2013,5
"784","Washington U","Washington University in St. Louis",2014,400
"785","Washington U","Center for Public Health Systems Science, Washington University in St. Louis",2014,14
"786","Washington U","Washington University in St. Louis",2015,409
"787","Washington U","Center for Public Health Systems Science, Washington University in St. Louis",2015,14
"788","Washington U","Center for Social Development at Washington University in St. Louis",2015,1
"789","Washington U","Center for Social Development, Washington University in St. Louis",2015,1
"790","Washington U","Washington University in St. Louis",2016,409
"791","Washington U","Center for Public Health Systems Science, Washington University in St. Louis",2016,5
"792","Washington U","Center for Social Development, Washington University in St. Louis",2016,2
"793","Washington U","Kathryn M. Buder Center for American Indian Studies at Washington University in St. Louis",2016,1
"794","Washington U","Washington University in St Louis",2016,1
"795","Washington U","Washington University in St. Louis",2017,409
"796","Washington U","Center for Public Health Systems Science, Washington University in St. Louis",2017,4
"797","Washington U","Center for Social Development, Washington University in St. Louis",2017,1
"798","Washington U","Kathryn M. Buder Center for American Indian Studies at Washington University in St. Louis",2017,1
"799","Washington U","Washington University in St. Louis",2018,462
"800","Washington U","Washington University in St. Louis, Social Policy Institute",2018,3
"801","Washington U","Center for Public Health Systems Science, Washington University in St. Louis",2018,2
"802","Washington U","Center for Social Development, Washington University in St. Louis",2018,1
"803","Washington U","Kathryn M. Buder Center for American Indian Studies at Washington University in St. Louis",2018,1
"804","Washington U","Social Policy Institute at Washington University in St. Louis",2018,1
"805","Washington U","Washington University in St. Louis ",2018,1
"806","Washington U","Washington University in St. Louis",2019,446
"807","Washington U","Washington University in St. Louis, Social Policy Institute",2019,11
"808","Washington U","Center for Social Development, Washington University in St. Louis",2019,4
"809","Washington U","Washington University in St. Louis, Center for Social Development",2019,3
"810","Washington U","Center for Public Health Systems Science, Washington University in St. Louis",2019,2
"811","Washington U","Center for Research Innovation in Biotechnology, Washington University in St. Louis",2019,1
"812","Washington U","Kathryn M. Buder Center for American Indian Studies at Washington University in St. Louis",2019,1
"813","Washington U","Social Policy Institute at Washington University in St. Louis",2019,1
"814","Washington U","Washington University in St. Louis ",2019,1
"815","Washington U","Washington University in St. Louis",2020,382
"816","Washington U","Social Policy Institute at Washington University in St. Louis",2020,19
"817","Washington U","Washington University in St. Louis, Center for Social Development",2020,8
"818","Washington U","Washington University in St. Louis, Social Policy Institute",2020,1
"819","Washington U","Washington University in St. Louis",2021,393
"820","Washington U","Washington University in St. Louis, Center for Social Development",2021,12
"821","Washington U","Social Policy Institute, Washington University in St. Louis",2021,9
"822","Washington U","Social System Design Lab, Washington University in St. Louis",2021,7
"823","Washington U","Social Policy Institute at Washington University in St. Louis",2021,5
"824","Washington U","Buder Center, Washington University in St. Louis",2021,1
"825","Washington U","Kathryn M. Buder Center for American Indian Studies, Washington University in St. Louis",2021,1
"826","Washington U","Washington University in St. Louis",2022,21
"827","Washington U","Social System Design Lab, Washington University in St. Louis",2022,7
"828","Washington U","Washington University in St. Louis, Center for Social Development",2022,3
